<?xml version="1.0" encoding="UTF-8"?>
<project-private xmlns="http://www.netbeans.org/ns/project-private/1">
    <editor-bookmarks xmlns="http://www.netbeans.org/ns/editor-bookmarks/2" lastBookmarkId="0"/>
    <open-files xmlns="http://www.netbeans.org/ns/projectui-open-files/2">
        <group>
            <file>file:/C:/Users/garos/OneDrive/Ambiente%20de%20Trabalho/NetBeans/MinhasFinancasApp/src/View/Login.java</file>
            <file>file:/C:/Users/garos/OneDrive/Ambiente%20de%20Trabalho/NetBeans/MinhasFinancasApp/src/AppDao/minhasFinancasDao.java</file>
            <file>file:/C:/Users/garos/OneDrive/Ambiente%20de%20Trabalho/NetBeans/MinhasFinancasApp/src/View/Cadastro.java</file>
            <file>file:/C:/Users/garos/OneDrive/Ambiente%20de%20Trabalho/NetBeans/MinhasFinancasApp/src/View/PaginaPrincipal.java</file>
        </group>
    </open-files>
</project-private>
